ResID,AA,PHI,PSI,dPHI,dPSI,SS,Chi1,Chi1_prob,Chi1_p_gplus,Chi1_p_gminus,Chi1_p_trans,RCI_S2,struct_helix,struct_beta,struct_ppii,struct_coil,struct_effN,Confidence,Class
1,MET,-125.7,149.5,21.1,14.1,C,g-,,,,,0.501,0.170,0.000,0.053,0.776,17.0,-4.555,Medium
2,GLN,-75.2,-25.6,14.6,18.6,C,g-,,,,,0.623,0.409,0.007,0.094,0.490,269.8,-4.133,Medium
3,ILE,-67.2,-35.0,12.9,8.0,H,g+,,,,,0.630,0.910,0.000,0.008,0.082,135.1,-2.497,High
4,PHE,-69.5,-40.2,11.1,12.2,H,t,,,,,0.632,0.944,0.001,0.003,0.053,1934.6,-2.808,High
5,VAL,-69.1,-35.4,11.6,10.4,H,t,,,,,0.599,1.000,0.000,0.000,0.000,1.0,-2.874,High
6,LYS,-65.0,-35.3,6.2,6.7,H,t,,,,,0.663,1.000,0.000,0.000,0.000,17.9,-2.294,High
7,THR,-69.0,-37.6,10.3,13.0,H,g+,,,,,0.679,1.000,0.000,0.000,0.000,21.9,-2.671,Medium
8,LEU,-61.3,-44.9,10.2,11.9,H,t,,,,,0.780,1.000,0.000,0.000,0.000,85.5,-2.116,High
9,THR,-66.3,-33.4,10.3,10.1,H,g+,,,,,0.768,1.000,0.000,0.000,0.000,4.0,-2.702,High
10,GLY,-73.6,-35.1,13.5,12.5,H,,,,,,0.797,0.892,0.000,0.000,0.108,41.5,-3.407,Medium
